model_index,final_ge,ntge,time_taken_s
0,154.0,inf,647.142906665802
1,203.0,inf,645.968492269516
2,203.0,inf,658.484614610672
3,210.0,inf,658.9550876617432
